{
    "C": {
        "SelectionSort": {
            "tempo_execucao": [
                1.8585097789764404,
                1.6816198825836182,
                0.7914729118347168,
                1.1782662868499756,
                1.659104824066162
            ],
            "pico_cpu": [
                208.3,
                208.3,
                208.3,
                208.3,
                293.0
            ],
            "pico_memoria_MB": [
                3.18359375,
                3.1796875,
                3.18359375,
                3.1796875,
                3.1796875
            ],
            "media_cpu": [
                43.37525773195876,
                68.19072164948447,
                59.90975609756097,
                77.98787878787876,
                74.21827956989242
            ],
            "media_memoria_MB": [
                3.18359375,
                3.1796875,
                3.18359375,
                3.1796875,
                3.1796875
            ],
            "energy_kwh": 1.4650992552836736e-05,
            "co2_emissions_grams": 0.0010255694786985715,
            "water_usage_liters": 2.6371786595106127e-05,
            "edp_kwh_sec": 2.1006516012064344e-05,
            "memory_efficiency_mb_per_kwh": 2603.712514266752
        },
        "MergeSort": {
            "tempo_execucao": [
                0.1797933578491211,
                0.17142415046691895,
                0.17969298362731934,
                0.1688542366027832,
                0.18125224113464355
            ],
            "pico_cpu": [
                97.7,
                208.3,
                104.2,
                104.2,
                195.3
            ],
            "pico_memoria_MB": [
                3.17578125,
                3.17578125,
                3.17578125,
                3.17578125,
                3.19140625
            ],
            "media_cpu": [
                36.6375,
                58.60000000000001,
                57.68571428571429,
                49.6625,
                71.62857142857142
            ],
            "media_memoria_MB": [
                3.17578125,
                3.17578125,
                3.17578125,
                3.17578125,
                3.178013392857143
            ],
            "energy_kwh": 1.1889324005842208e-06,
            "co2_emissions_grams": 8.322526804089546e-05,
            "water_usage_liters": 2.1400783210515975e-06,
            "edp_kwh_sec": 2.0949392414360255e-07,
            "memory_efficiency_mb_per_kwh": 32085.064413675023
        },
        "QuickSort": {
            "tempo_execucao": [
                1.3285789489746094,
                0.6499569416046143,
                0.6476294994354248,
                0.6526763439178467,
                1.0893621444702148
            ],
            "pico_cpu": [
                208.3,
                208.3,
                208.3,
                208.3,
                208.3
            ],
            "pico_memoria_MB": [
                3.1796875,
                3.18359375,
                3.1796875,
                3.1796875,
                3.1796875
            ],
            "media_cpu": [
                69.1285714285714,
                85.8222222222222,
                66.04285714285717,
                89.53055555555554,
                82.11311475409829
            ],
            "media_memoria_MB": [
                3.1796875,
                3.18359375,
                3.1796875,
                3.1796875,
                3.1796875
            ],
            "energy_kwh": 8.310507878661156e-06,
            "co2_emissions_grams": 0.000581735551506281,
            "water_usage_liters": 1.4958914181590081e-05,
            "edp_kwh_sec": 7.260398549412788e-06,
            "memory_efficiency_mb_per_kwh": 4590.209553160977
        }
    },
    "Java": {
        "SelectionSort": {
            "tempo_execucao": [
                0.3201899528503418,
                0.6801626682281494,
                0.9620382785797119,
                1.406327724456787,
                1.97764253616333
            ],
            "pico_cpu": [
                104.2,
                195.3,
                208.3,
                208.3,
                312.5
            ],
            "pico_memoria_MB": [
                41.73828125,
                42.5390625,
                41.8984375,
                42.19921875,
                42.44140625
            ],
            "media_cpu": [
                24.87222222222222,
                30.284210526315793,
                29.876470588235293,
                63.69090909090908,
                81.83571428571427
            ],
            "media_memoria_MB": [
                25.13064236111111,
                26.760690789473685,
                26.242876838235293,
                29.716974431818183,
                29.329380580357142
            ],
            "energy_kwh": 1.005650534248352e-05,
            "co2_emissions_grams": 0.0007039553739738464,
            "water_usage_liters": 1.8101709616470336e-05,
            "edp_kwh_sec": 1.0753141914237062e-05,
            "memory_efficiency_mb_per_kwh": 3793.2633014272687
        },
        "MergeSort": {
            "tempo_execucao": [
                0.33358001708984375,
                0.6435914039611816,
                0.9634246826171875,
                1.2825779914855957,
                1.6023435592651367
            ],
            "pico_cpu": [
                195.3,
                104.2,
                208.3,
                104.2,
                195.3
            ],
            "pico_memoria_MB": [
                42.0,
                42.09375,
                42.015625,
                41.67578125,
                41.78125
            ],
            "media_cpu": [
                29.630000000000003,
                27.86111111111111,
                37.09473684210526,
                26.736842105263158,
                46.72941176470589
            ],
            "media_memoria_MB": [
                25.897265625,
                25.674696180555557,
                25.938527960526315,
                25.82689144736842,
                26.834788602941178
            ],
            "energy_kwh": 7.296986946423847e-06,
            "co2_emissions_grams": 0.0005107890862496693,
            "water_usage_liters": 1.3134576503562926e-05,
            "edp_kwh_sec": 7.042347866806574e-06,
            "memory_efficiency_mb_per_kwh": 5227.770439543585
        },
        "QuickSort": {
            "tempo_execucao": [
                0.6814475059509277,
                1.3115975856781006,
                1.7500593662261963,
                2.1602630615234375,
                2.534374237060547
            ],
            "pico_cpu": [
                520.8,
                201.6,
                293.0,
                208.3,
                208.3
            ],
            "pico_memoria_MB": [
                42.16015625,
                42.23828125,
                42.140625,
                41.94140625,
                42.16796875
            ],
            "media_cpu": [
                48.55833333333334,
                42.11363636363637,
                28.891666666666666,
                35.38695652173914,
                30.923809523809524
            ],
            "media_memoria_MB": [
                30.337239583333332,
                25.76455965909091,
                25.718424479166668,
                26.43970788043478,
                27.467261904761905
            ],
            "energy_kwh": 2.1544367284774777e-05,
            "co2_emissions_grams": 0.0015081057099342345,
            "water_usage_liters": 3.87798611125946e-05,
            "edp_kwh_sec": 3.635716149096139e-05,
            "memory_efficiency_mb_per_kwh": 1770.6239478756077
        }
    },