{
    "C": {
        "BubbleSort": {
            "tempo_execucao": [
                1.8141257762908936,
                1.6844737529754639,
                2.2198054790496826,
                1.0460686683654785,
                1.0367372035980225
            ],
            "pico_cpu": [
                104.2,
                293.0,
                208.3,
                195.3,
                208.3
            ],
            "pico_memoria_MB": [
                3.4375,
                3.10546875,
                3.10546875,
                3.10546875,
                3.10546875
            ],
            "media_cpu": [
                85.78906249999991,
                85.13636363636357,
                83.32537313432844,
                85.66129032258057,
                83.39682539682532
            ],
            "media_memoria_MB": [
                3.432373046875,
                3.10546875,
                3.10546875,
                3.10546875,
                3.10546875
            ],
            "energy_kwh": 1.442053831219673e-05,
            "co2_emissions_grams": 0.0010094376818537711,
            "water_usage_liters": 2.5956968961954113e-05,
            "edp_kwh_sec": 2.249953207611942e-05,
            "memory_efficiency_mb_per_kwh": 2645.322374961947
        },
        "MergeSort": {
            "tempo_execucao": [
                0.10057473182678223,
                0.06488537788391113,
                0.07009506225585938,
                0.32147932052612305,
                0.14180898666381836
            ],
            "pico_cpu": [
                104.2,
                50.4,
                50.4,
                97.7,
                100.8
            ],
            "pico_memoria_MB": [
                3.1015625,
                3.15234375,
                3.15234375,
                3.125,
                3.1328125
            ],
            "media_cpu": [
                104.2,
                50.4,
                50.4,
                12.208333333333334,
                74.05
            ],
            "media_memoria_MB": [
                3.1015625,
                3.15234375,
                3.15234375,
                3.103515625,
                3.115234375
            ],
            "energy_kwh": 5.864461529254914e-07,
            "co2_emissions_grams": 4.10512307047844e-05,
            "water_usage_liters": 1.0556030752658846e-06,
            "edp_kwh_sec": 8.196681396967837e-08,
            "memory_efficiency_mb_per_kwh": 65047.6986948478
        },
        "QuickSort": {
            "tempo_execucao": [
                0.7822914123535156,
                0.23313450813293457,
                0.2197871208190918,
                0.25022435188293457,
                0.2215290069580078
            ],
            "pico_cpu": [
                104.2,
                104.2,
                104.2,
                104.2,
                104.2
            ],
            "pico_memoria_MB": [
                3.43359375,
                3.1015625,
                3.109375,
                3.10546875,
                3.109375
            ],
            "media_cpu": [
                91.1818181818182,
                91.1818181818182,
                91.1818181818182,
                76.81818181818183,
                59.92
            ],
            "media_memoria_MB": [
                3.43359375,
                3.1015625,
                3.109375,
                3.10546875,
                3.109375
            ],
            "energy_kwh": 1.7667102241516117e-06,
            "co2_emissions_grams": 0.0001236697156906128,
            "water_usage_liters": 3.180078403472901e-06,
            "edp_kwh_sec": 6.03142998284413e-07,
            "memory_efficiency_mb_per_kwh": 21592.09367488009
        }
    },
    "Java": {
        "BubbleSort": {
            "tempo_execucao": [
                0.6534228324890137,
                1.0993249416351318,
                1.4635472297668457,
                1.9574129581451416,
                2.390244960784912
            ],
            "pico_cpu": [
                104.2,
                104.2,
                104.2,
                104.2,
                195.3
            ],
            "pico_memoria_MB": [
                41.671875,
                40.64453125,
                40.78515625,
                40.6171875,
                40.69921875
            ],
            "media_cpu": [
                9.986666666666668,
                15.28076923076923,
                18.354545454545455,
                9.986666666666668,
                11.26923076923077
            ],
            "media_memoria_MB": [
                16.251822916666665,
                27.508864182692307,
                26.470703125,
                32.845052083333336,
                29.686598557692307
            ],
            "energy_kwh": 8.977151460568109e-06,
            "co2_emissions_grams": 0.0006284006022397676,
            "water_usage_liters": 1.6158872629022596e-05,
            "edp_kwh_sec": 1.358055020575427e-05,
            "memory_efficiency_mb_per_kwh": 4249.340430960704
        },
        "MergeSort": {
            "tempo_execucao": [
                0.34472084045410156,
                0.5173969268798828,
                0.7041964530944824,
                0.8691840171813965,
                1.068619728088379
            ],
            "pico_cpu": [
                97.7,
                104.2,
                104.2,
                97.7,
                195.3
            ],
            "pico_memoria_MB": [
                40.875,
                42.09375,
                41.8671875,
                41.7578125,
                41.7109375
            ],
            "media_cpu": [
                4.885,
                11.577777777777778,
                20.19,
                10.855555555555556,
                36.699999999999996
            ],
            "media_memoria_MB": [
                33.6740234375,
                30.147135416666668,
                29.117578125,
                26.10112847222222,
                28.759232954545453
            ],
            "energy_kwh": 4.082881449699403e-06,
            "co2_emissions_grams": 0.0002858017014789582,
            "water_usage_liters": 7.349186609458926e-06,
            "edp_kwh_sec": 2.8613796479415527e-06,
            "memory_efficiency_mb_per_kwh": 9343.149715762265
        },
        "QuickSort": {
            "tempo_execucao": [
                0.16018247604370117,
                0.3152334690093994,
                0.4798319339752197,
                0.6678404808044434,
                0.8239421844482422
            ],
            "pico_cpu": [
                104.2,
                97.7,
                104.2,
                104.2,
                97.7
            ],
            "pico_memoria_MB": [
                41.8046875,
                41.9296875,
                41.48828125,
                41.71875,
                41.72265625
            ],
            "media_cpu": [
                49.6625,
                12.2125,
                44.86666666666667,
                10.42,
                36.6375
            ],
            "media_memoria_MB": [
                30.64453125,
                30.5517578125,
                29.149305555555557,
                32.7328125,
                29.92724609375
            ],
            "energy_kwh": 2.4796576182047532e-06,
            "co2_emissions_grams": 0.00017357603327433272,
            "water_usage_liters": 4.463383712768556e-06,
            "edp_kwh_sec": 1.2135595862212239e-06,
            "memory_efficiency_mb_per_kwh": 15383.967680129976
        }
    },
    "Python": {
        "BubbleSort": {
            "tempo_execucao": [
                13.793930292129517,
                13.834994792938232,
                12.509876728057861,
                11.536882877349854,
                11.346667289733887
            ],