{
    "1000": {
        "C": {
            "SelectionSort": {
                "tempo_execucao": [
                    0.06076812744140625,
                    0.05454659461975098,
                    0.04533720016479492
                ],
                "pico_cpu": [
                    0.0,
                    97.7,
                    0.0
                ],
                "pico_memoria_MB": [
                    3.0390625,
                    3.03515625,
                    3.0390625
                ],
                "media_cpu": [
                    0.0,
                    97.7,
                    0.0
                ],
                "media_memoria_MB": [
                    3.0390625,
                    3.03515625,
                    3.0390625
                ],
                "energy_kwh": 1.3216595638681344e-07,
                "co2_emissions_grams": 9.25161694707694e-06,
                "water_usage_liters": 2.3789872149626421e-07,
                "edp_kwh_sec": 7.0775716487909784e-09,
                "memory_efficiency_mb_per_kwh": 28862.933919688283
            },
            "MergeSort": {
                "tempo_execucao": [
                    0.03702735900878906,
                    0.03200387954711914,
                    0.029193878173828125
                ],
                "pico_cpu": [
                    0,
                    0,
                    0
                ],
                "pico_memoria_MB": [
                    0,
                    0,
                    0
                ],
                "media_cpu": [
                    0,
                    0,
                    0
                ],
                "media_memoria_MB": [
                    0,
                    0,
                    0
                ],
                "energy_kwh": 3.6379672862865303e-08,
                "co2_emissions_grams": 2.546577100400571e-06,
                "water_usage_liters": 6.548341115315755e-08,
                "edp_kwh_sec": 1.1911325378481884e-09,
                "memory_efficiency_mb_per_kwh": 104857.93206565273
            },
            "QuickSort": {
                "tempo_execucao": [
                    0.04732632637023926,
                    0.05951571464538574,
                    0.04976058006286621
                ],
                "pico_cpu": [
                    0.0,
                    97.7,
                    0.0
                ],
                "pico_memoria_MB": [
                    3.0390625,
                    3.03515625,
                    3.03125
                ],
                "media_cpu": [
                    0.0,
                    48.85,
                    0.0
                ],
                "media_memoria_MB": [
                    3.0390625,
                    3.03515625,
                    3.03125
                ],
                "energy_kwh": 9.341781354612775e-08,
                "co2_emissions_grams": 6.5392469482289425e-06,
                "water_usage_liters": 1.6815206438302997e-07,
                "edp_kwh_sec": 4.8764914855817965e-09,
                "memory_efficiency_mb_per_kwh": 40834.79500129151
            }
        },
        "Java": {
            "SelectionSort": {
                "tempo_execucao": [
                    0.1656813621520996,
                    0.1483933925628662,
                    0.16844964027404785
                ],
                "pico_cpu": [
                    104.2,
                    50.4,
                    97.7
                ],
                "pico_memoria_MB": [
                    41.85546875,
                    41.57421875,
                    41.5859375
                ],
                "media_cpu": [
                    13.025,
                    6.3,
                    24.425
                ],
                "media_memoria_MB": [
                    27.15234375,
                    27.4140625,
                    28.548828125
                ],
                "energy_kwh": 2.7644626796245577e-07,
                "co2_emissions_grams": 1.9351238757371904e-05,
                "water_usage_liters": 4.976032823324204e-07,
                "edp_kwh_sec": 4.4464022731851575e-08,
                "memory_efficiency_mb_per_kwh": 13799.055034242947
            },
            "MergeSort": {
                "tempo_execucao": [
                    0.21892070770263672,
                    0.21361470222473145,
                    0.14873266220092773
                ],
                "pico_cpu": [
                    97.7,
                    195.3,
                    97.7
                ],
                "pico_memoria_MB": [
                    41.76953125,
                    41.890625,
                    41.73828125
                ],
                "media_cpu": [
                    10.855555555555556,
                    36.10909090909091,
                    24.425
                ],
                "media_memoria_MB": [
                    29.819444444444443,
                    25.693181818181817,
                    27.75439453125
                ],
                "energy_kwh": 4.073979997254136e-07,
                "co2_emissions_grams": 2.851785998077895e-05,
                "water_usage_liters": 7.333163995057444e-07,
                "edp_kwh_sec": 7.893581662977172e-08,
                "memory_efficiency_mb_per_kwh": 9363.56405332404
            },
            "QuickSort": {
                "tempo_execucao": [
                    0.14888548851013184,
                    0.15190887451171875,
                    0.15049433708190918
                ],
                "pico_cpu": [
                    97.7,
                    97.7,
                    97.7
                ],
                "pico_memoria_MB": [
                    41.828125,
                    41.94140625,
                    41.61328125
                ],
                "media_cpu": [
                    24.425,
                    24.425,
                    18.5125
                ],
                "media_memoria_MB": [
                    27.61962890625,
                    28.033203125,
                    27.6015625
                ],
                "energy_kwh": 3.078844030974088e-07,
                "co2_emissions_grams": 2.1551908216818616e-05,
                "water_usage_liters": 5.541919255753359e-07,
                "edp_kwh_sec": 4.63149173520172e-08,
                "memory_efficiency_mb_per_kwh": 12390.030892269986
            }
        },
        "Python": {
            "SelectionSort": {
                "tempo_execucao": [
                    0.11427998542785645,
                    0.11889529228210449,
                    0.11531949043273926
                ],
                "pico_cpu": [
                    104.2,
                    104.2,
                    97.7
                ],
                "pico_memoria_MB": [
                    12.2265625,
                    12.2265625,
                    12.2265625
                ],
                "media_cpu": [
                    17.366666666666667,
                    51.01666666666667,
                    19.54
                ],
                "media_memoria_MB": [
                    8.836588541666666,
                    9.7265625,
                    9.9453125
                ],
                "energy_kwh": 2.7092779220254335e-07,
                "co2_emissions_grams": 1.8964945454178035e-05,
                "water_usage_liters": 4.87670025964578e-07,
                "edp_kwh_sec": 3.147230604234634e-08,
                "memory_efficiency_mb_per_kwh": 14080.125315357696
            },
            "MergeSort": {
                "tempo_execucao": [
                    0.08385419845581055,
                    0.0844576358795166,
                    0.08765363693237305
                ],
                "pico_cpu": [
                    50.4,
                    104.2,
                    97.7
                ],