{
    "C": {
        "BubbleSort": {
            "tempo_execucao": [
                5.588304758071899,
                4.890722036361694,
                5.668434143066406
            ],
            "pico_cpu": [
                208.3,
                208.3,
                208.3
            ],
            "pico_memoria_MB": [
                3.20703125,
                3.21484375,
                3.21484375
            ],
            "media_cpu": [
                59.97471264367835,
                60.9704545454547,
                76.30308988764072
            ],
            "media_memoria_MB": [
                3.20703125,
                3.21484375,
                3.21484375
            ]
        },
        "MergeSort": {
            "tempo_execucao": [
                0.11533331871032715,
                0.1044471263885498,
                0.1139535903930664
            ],
            "pico_cpu": [
                104.2,
                97.7,
                97.7
            ],
            "pico_memoria_MB": [
                3.22265625,
                3.23046875,
                3.22265625
            ],
            "media_cpu": [
                74.9,
                48.85,
                37.025
            ],
            "media_memoria_MB": [
                3.2109375,
                3.212890625,
                3.2138671875
            ]
        },
        "QuickSort": {
            "tempo_execucao": [
                1.262031078338623,
                1.8702449798583984,
                1.7897491455078125
            ],
            "pico_cpu": [
                208.3,
                208.3,
                208.3
            ],
            "pico_memoria_MB": [
                3.21484375,
                3.21484375,
                3.21484375
            ],
            "media_cpu": [
                60.44999999999996,
                66.07217391304343,
                75.11545454545447
            ],
            "media_memoria_MB": [
                3.21484375,
                3.21484375,
                3.21484375
            ]
        }
    },
    "Java": {
        "BubbleSort": {
            "tempo_execucao": [
                1.4941983222961426,
                1.7861661911010742,
                2.0922834873199463
            ],
            "pico_cpu": [
                104.2,
                104.2,
                104.2
            ],
            "pico_memoria_MB": [
                41.8125,
                42.05078125,
                41.83984375
            ],
            "media_cpu": [
                6.583695652173914,
                29.11764705882353,
                23.370588235294118
            ],
            "media_memoria_MB": [
                12.646908967391305,
                26.64797794117647,
                27.325367647058822
            ]
        },
        "MergeSort": {
            "tempo_execucao": [
                0.294069766998291,
                0.6025967597961426,
                0.9026026725769043
            ],
            "pico_cpu": [
                97.7,
                104.2,
                97.7
            ],
            "pico_memoria_MB": [
                41.67578125,
                41.6328125,
                41.875
            ],
            "media_cpu": [
                5.747058823529412,
                27.5,
                24.425
            ],
            "media_memoria_MB": [
                26.59604779411765,
                26.46462673611111,
                27.49609375
            ]
        },
        "QuickSort": {
            "tempo_execucao": [
                0.30605626106262207,
                0.6131289005279541,
                0.915412187576294
            ],
            "pico_cpu": [
                312.5,
                195.3,
                97.7
            ],
            "pico_memoria_MB": [
                41.90625,
                41.63671875,
                41.69921875
            ],
            "media_cpu": [
                35.61764705882353,
                44.13888888888889,
                22.988235294117647
            ],
            "media_memoria_MB": [
                27.837316176470587,
                27.69683159722222,
                27.29526654411765
            ]
        }
    },
    "Python": {
        "BubbleSort": {
            "tempo_execucao": [
                18.95784044265747,
                15.543220043182373,
                15.457043886184692
            ],
            "pico_cpu": [
                208.3,
                208.3,
                208.3
            ],
            "pico_memoria_MB": [
                13.28125,
                13.27734375,
                13.28125
            ],
            "media_cpu": [
                59.44773869346743,
                56.64331983805691,
                72.07479674796767
            ],
            "media_memoria_MB": [
                13.239282349246231,
                13.222482287449393,
                13.23192962398374
            ]
        },
        "MergeSort": {
            "tempo_execucao": [
                0.13879013061523438,
                0.1300520896911621,
                0.13320422172546387
            ],
            "pico_cpu": [
                104.2,
                97.7,
                97.7
            ],
            "pico_memoria_MB": [
                13.3984375,
                13.39453125,
                13.3984375
            ],
            "media_cpu": [
                26.05,
                32.56666666666667,
                24.425
            ],
            "media_memoria_MB": [
                10.73046875,
                9.983072916666666,
                10.4716796875
            ]
        },
        "QuickSort": {
            "tempo_execucao": [
                0.25649118423461914,
                0.22813010215759277,
                0.4941689968109131
            ],
            "pico_cpu": [
                104.2,
                208.3,
                104.2
            ],
            "pico_memoria_MB": [
                14.02734375,
                13.94140625,
                14.0390625
            ],
            "media_cpu": [
                28.842857142857145,
                58.60000000000001,
                34.10909090909091
            ],
            "media_memoria_MB": [
                9.469308035714286,
                9.494977678571429,
                9.930042613636363
            ]
        }
    }
}