{
    "C": {
        "BubbleSort": {
            "tempo_execucao": [
                34.28764724731445,
                38.24446964263916,
                37.710333824157715
            ],
            "pico_cpu": [
                0,
                0,
                0
            ],
            "pico_memoria_MB": [
                0,
                0,
                0
            ],
            "media_cpu": [
                0,
                0,
                0
            ],
            "media_memoria_MB": [
                0,
                0,
                0
            ]
        },
        "MergeSort": {
            "tempo_execucao": [
                0.2667362689971924,
                0.11194944381713867,
                0.1057882308959961
            ],
            "pico_cpu": [
                0,
                0,
                0
            ],
            "pico_memoria_MB": [
                0,
                0,
                0
            ],
            "media_cpu": [
                0,
                0,
                0
            ],
            "media_memoria_MB": [
                0,
                0,
                0
            ]
        },
        "QuickSort": {
            "tempo_execucao": [
                0.14916110038757324,
                0.09930181503295898,
                0.1461329460144043
            ],
            "pico_cpu": [
                0,
                0,
                0
            ],
            "pico_memoria_MB": [
                0,
                0,
                0
            ],
            "media_cpu": [
                0,
                0,
                0
            ],
            "media_memoria_MB": [
                0,
                0,
                0
            ]
        }
    },
    "Java": {
        "BubbleSort": {
            "tempo_execucao": [
                0.44502973556518555,
                0.7487485408782959,
                1.0773441791534424
            ],
            "pico_cpu": [
                97.7,
                97.7,
                104.2
            ],
            "pico_memoria_MB": [
                41.6484375,
                41.875,
                41.984375
            ],
            "media_cpu": [
                19.54,
                28.735294117647058,
                18.00588235294118
            ],
            "media_memoria_MB": [
                20.84828125,
                27.167738970588236,
                27.973575367647058
            ]
        },
        "MergeSort": {
            "tempo_execucao": [
                0.44471096992492676,
                0.7912747859954834,
                1.0862548351287842
            ],
            "pico_cpu": [
                104.2,
                104.2,
                195.3
            ],
            "pico_memoria_MB": [
                41.98828125,
                41.7890625,
                41.671875
            ],
            "media_cpu": [
                20.06,
                20.910526315789475,
                30.93125
            ],
            "media_memoria_MB": [
                21.40375,
                28.232113486842106,
                26.8466796875
            ]
        },
        "QuickSort": {
            "tempo_execucao": [
                0.3278083801269531,
                0.6241371631622314,
                0.9343957901000977
            ],
            "pico_cpu": [
                104.2,
                195.3,
                104.2
            ],
            "pico_memoria_MB": [
                41.8515625,
                41.75390625,
                41.71875
            ],
            "media_cpu": [
                22.072222222222223,
                26.913333333333338,
                52.87058823529413
            ],
            "media_memoria_MB": [
                27.544270833333332,
                28.083072916666666,
                25.524816176470587
            ]
        }
    },
    "Python": {
        "BubbleSort": {
            "tempo_execucao": [
                30.03393793106079,
                30.034819841384888,
                30.036521673202515
            ],
            "pico_cpu": [
                208.3,
                208.3,
                208.3
            ],
            "pico_memoria_MB": [
                24.65234375,
                23.125,
                21.76953125
            ],
            "media_cpu": [
                84.91694736842,
                72.38509513741997,
                73.49712765957369
            ],
            "media_memoria_MB": [
                17.332208059210526,
                17.329619780655392,
                17.083676861702127
            ]
        },
        "MergeSort": {
            "tempo_execucao": [
                0.6354467868804932,
                0.692805290222168,
                1.71340012550354
            ],
            "pico_cpu": [
                104.2,
                104.2,
                104.2
            ],
            "pico_memoria_MB": [
                25.01171875,
                25.01171875,
                25.01171875
            ],
            "media_cpu": [
                60.842105263157904,
                76.60476190476193,
                57.767999999999994
            ],
            "media_memoria_MB": [
                22.352590460526315,
                22.936383928571427,
                22.86484375
            ]
        },
        "QuickSort": {
            "tempo_execucao": [
                0.9220342636108398,
                0.9468967914581299,
                0.9332432746887207
            ],
            "pico_cpu": [
                195.3,
                104.2,
                104.2
            ],
            "pico_memoria_MB": [
                28.37890625,
                28.39453125,
                28.37890625
            ],
            "media_cpu": [
                77.68214285714286,
                62.742857142857154,
                49.40689655172415
            ],
            "media_memoria_MB": [
                23.971400669642858,
                24.078264508928573,
                24.11705280172414
            ]
        }
    }
}